{
    "consumptionData": {
        "items": [
            {
                "ref": "6.016.972",
                "quantity": 1,
                "description": "PK10 Recambios Borrador Faibo",
                "netPrice": 5.60,
                "grossPrice": 6.78,
                "netAmount": 5.60,
                "vat": 21,
                "vatAmount": 1.18,
                "total": 6.78
            },
            {
                "ref": "6.016.959",
                "quantity": 6,
                "description": "Borrador No Magnetico Faibo Plast Gris",
                "netPrice": 6.83,
                "grossPrice": 8.26,
                "netAmount": 40.98,
                "vat": 21,
                "vatAmount": 8.61,
                "total": 49.59
            },
            {
                "ref": "1.946.072",
                "quantity": 45,
                "description": "500H Papel Navigator Universal A4 80G",
                "netPrice": 5.47,
                "grossPrice": 6.62,
                "netAmount": 244.50,
                "vat": 21,
                "vatAmount": 51.28,
                "total": 295.78
            },
            {
                "ref": "4.241.828",
                "quantity": 25,
                "description": "Marcador Piz BCA Pilot Begreen 2,3MM Verde",
                "netPrice": 0.89,
                "grossPrice": 1.08,
                "netAmount": 22.25,
                "vat": 21,
                "vatAmount": 4.67,
                "total": 26.92
            },
            {
                "ref": "3.771.377",
                "quantity": 90,
                "description": "Marcador Piz BCA Pilot Begreen 2,3MM Rojo",
                "netPrice": 0.89,
                "grossPrice": 1.08,
                "netAmount": 80.10,
                "vat": 21,
                "vatAmount": 16.83,
                "total": 96.93
            },
            {
                "ref": "4.241.806",
                "quantity": 90,
                "description": "Recambio Marcador Pizarra Blanca",
                "netPrice": 2.32,
                "grossPrice": 2.81,
                "netAmount": 208.80,
                "vat": 21,
                "vatAmount": 43.85,
                "total": 252.65
            },
            {
                "ref": "3.771.388",
                "quantity": 80,
                "description": "Recambio Marcador Pizarra Blanca Negro",
                "netPrice": 0.71,
                "grossPrice": 0.86,
                "netAmount": 56.80,
                "vat": 21,
                "vatAmount": 11.92,
                "total": 68.72
            }
        ],
        "totals": {
            "annualWithoutVAT": 658.73,
            "annualWithVAT": 797.06,
            "monthlyWithoutVAT": 54.89,
            "monthlyWithVAT": 66.42,
            "tenMonthsWithoutVAT": 548.94,
            "tenMonthsWithVAT": 664.22
        }
    }
}