{
    "consumptionData": {
        "hourlyConsumption": {
            "12:00 a.m.": 562,
            "1:00 a.m.": 535,
            "2:00 a.m.": 535,
            "3:00 a.m.": 537,
            "4:00 a.m.": 542,
            "5:00 a.m.": 545,
            "6:00 a.m.": 555,
            "7:00 a.m.": 552,
            "8:00 a.m.": 783,
            "9:00 a.m.": 783,
            "10:00 a.m.": 1095,
            "11:00 a.m.": 1160,
            "12:00 p.m.": 1028,
            "1:00 p.m.": 685,
            "2:00 p.m.": 750,
            "3:00 p.m.": 731,
            "4:00 p.m.": 600,
            "5:00 p.m.": 585,
            "6:00 p.m.": 700,
            "7:00 p.m.": 610,
            "8:00 p.m.": 588,
            "9:00 p.m.": 510,
            "10:00 p.m.": 362,
            "11:00 p.m.": 480
        },
        "totals": {
            "dailyTotal": 15813,
            "dailyAverage": 263.55,
            "monthlyConsumption": 8170.05,
            "tenMonthConsumption": 81700.5,
            "yearlyConsumption": 98040.6
        }
    }
}
  